{"count":1,"self":137.5396864,"total":425.8136265,"children":{"InitializeActuators":{"count":25,"self":0.00092499999999999993,"total":0.00092499999999999993,"children":null},"InitializeSensors":{"count":25,"self":0.0010039,"total":0.0010039,"children":null},"AgentSendState":{"count":108267,"self":1.2316941,"total":60.2318059,"children":{"CollectObservations":{"count":541350,"self":1.5017243999999998,"total":1.5017243999999998,"children":null},"WriteActionMask":{"count":541350,"self":0.22937149999999998,"total":0.22937149999999998,"children":null},"RequestDecision":{"count":541350,"self":0.80996289999999993,"total":57.2690159,"children":{"AgentInfo.ToProto":{"count":541350,"self":0.85447549999999994,"total":56.459053,"children":{"GenerateSensorData":{"count":541350,"self":55.604575999999994,"total":55.6045775,"children":null}}}}}}},"DecideAction":{"count":108267,"self":219.6111104,"total":219.61111739999998,"children":null},"AgentAct":{"count":108267,"self":6.517948,"total":6.5179481999999993,"children":null},"AgentInfo.ToProto":{"count":7479,"self":0.0401797,"total":1.9101377,"children":{"GenerateSensorData":{"count":7479,"self":1.869958,"total":1.869958,"children":null}}}},"gauges":{"Catcher.CumulativeReward":{"count":7479,"max":62.6397133,"min":-30,"runningAverage":21.8999462,"value":37.1950455,"weightedAverage":28.410759}},"metadata":{"timer_format_version":"0.1.0","start_time_seconds":"1730954040","unity_version":"2022.3.50f1","command_line_arguments":"D:\\Unity\\Unity Editors\\2022.3.50f1\\Editor\\Unity.exe -projectpath D:\\Unity\\Unity Projects\\Unknown Camp -useHub -hubIPC -cloudEnvironment production -licensingIpc LicenseClient-AlexAT -hubSessionId d5c5eb73-db71-473c-88c0-284389c9c27a -accessToken JXpLdkjq7vemvrf7ds_SxDAYWjpZIb-NN8L6mGqz8M4007f","communication_protocol_version":"1.5.0","com.unity.ml-agents_version":"2.0.1","scene_name":"ML_VisionEnvironment","end_time_seconds":"1730954466"}}